dataset,oa,aa,k
indian_pines,0.7454191033138401,0.6365491632633,0.7072986196126488
