dataset,oa,aa,k
indian_pines,0.8256176853055915,0.7508893343605538,0.8003537281697779
