dataset,oa,aa,k
indian_pines,0.891609756097561,0.8677698518232667,0.8761468664440393
